{
    "name": "root",
    "metadata": {
        "timer_format_version": "0.1.0",
        "start_time_seconds": "1620143021",
        "python_version": "3.7.10 (default, Feb 26 2021, 10:16:00) \n[Clang 10.0.0 ]",
        "command_line_arguments": "/Users/wonmin/opt/anaconda3/envs/ml-agents-1.0.7/bin/mlagents-learn MazeBall.yaml --run-id=MazeBall --force",
        "mlagents_version": "0.26.0",
        "mlagents_envs_version": "0.26.0",
        "communication_protocol_version": "1.5.0",
        "pytorch_version": "1.8.1",
        "numpy_version": "1.20.2",
        "end_time_seconds": "1620143085"
    },
    "total": 63.927641240999996,
    "count": 1,
    "self": 0.008143661999994833,
    "children": {
        "run_training.setup": {
            "total": 0.09489342800000022,
            "count": 1,
            "self": 0.09489342800000022
        },
        "TrainerController.start_learning": {
            "total": 63.824604151,
            "count": 1,
            "self": 0.1324900239998783,
            "children": {
                "TrainerController._reset_env": {
                    "total": 5.691977839,
                    "count": 1,
                    "self": 5.691977839
                },
                "TrainerController.advance": {
                    "total": 57.84906179700012,
                    "count": 5623,
                    "self": 0.13536110900039944,
                    "children": {
                        "env_step": {
                            "total": 51.42916449899991,
                            "count": 5623,
                            "self": 47.55283304299987,
                            "children": {
                                "SubprocessEnvManager._take_step": {
                                    "total": 3.799166851999934,
                                    "count": 5623,
                                    "self": 0.35434165000004203,
                                    "children": {
                                        "TorchPolicy.evaluate": {
                                            "total": 3.444825201999892,
                                            "count": 5466,
                                            "self": 0.7941743479998369,
                                            "children": {
                                                "TorchPolicy.sample_actions": {
                                                    "total": 2.6506508540000553,
                                                    "count": 5466,
                                                    "self": 2.6506508540000553
                                                }
                                            }
                                        }
                                    }
                                },
                                "workers": {
                                    "total": 0.07716460400010394,
                                    "count": 5623,
                                    "self": 0.0,
                                    "children": {
                                        "worker_root": {
                                            "total": 63.5294758560002,
                                            "count": 5623,
                                            "is_parallel": true,
                                            "self": 21.656707890000334,
                                            "children": {
                                                "run_training.setup": {
                                                    "total": 0.0,
                                                    "count": 0,
                                                    "is_parallel": true,
                                                    "self": 0.0,
                                                    "children": {
                                                        "steps_from_proto": {
                                                            "total": 0.001107301000000227,
                                                            "count": 1,
                                                            "is_parallel": true,
                                                            "self": 0.0003898560000008544,
                                                            "children": {
                                                                "_process_rank_one_or_two_observation": {
                                                                    "total": 0.0007174449999993726,
                                                                    "count": 2,
                                                                    "is_parallel": true,
                                                                    "self": 0.0007174449999993726
                                                                }
                                                            }
                                                        },
                                                        "UnityEnvironment.step": {
                                                            "total": 0.03360015699999952,
                                                            "count": 1,
                                                            "is_parallel": true,
                                                            "self": 0.00011375099999888505,
                                                            "children": {
                                                                "UnityEnvironment._generate_step_input": {
                                                                    "total": 0.00018106199999934347,
                                                                    "count": 1,
                                                                    "is_parallel": true,
                                                                    "self": 0.00018106199999934347
                                                                },
                                                                "communicator.exchange": {
                                                                    "total": 0.03303790500000048,
                                                                    "count": 1,
                                                                    "is_parallel": true,
                                                                    "self": 0.03303790500000048
                                                                },
                                                                "steps_from_proto": {
                                                                    "total": 0.0002674390000008131,
                                                                    "count": 1,
                                                                    "is_parallel": true,
                                                                    "self": 0.00014867500000015355,
                                                                    "children": {
                                                                        "_process_rank_one_or_two_observation": {
                                                                            "total": 0.00011876400000065956,
                                                                            "count": 2,
                                                                            "is_parallel": true,