{
    "name": "root",
    "gauges": {
        "MazeBall.Policy.Entropy.mean": {
            "value": 1.3184491395950317,
            "min": 1.3184491395950317,
            "max": 1.4108238220214844,
            "count": 9
        },
        "MazeBall.Policy.Entropy.sum": {
            "value": 13230.6376953125,
            "min": 13230.6376953125,
            "max": 14348.078125,
            "count": 9
        },
        "MazeBall.Environment.EpisodeLength.mean": {
            "value": 96.19607843137256,
            "min": 16.293609671848014,
            "max": 96.19607843137256,
            "count": 9
        },
        "MazeBall.Environment.EpisodeLength.sum": {
            "value": 9812.0,
            "min": 8326.0,
            "max": 10144.0,
            "count": 9
        },
        "MazeBall.Step.mean": {
            "value": 89969.0,
            "min": 9988.0,
            "max": 89969.0,
            "count": 9
        },
        "MazeBall.Step.sum": {
            "value": 89969.0,
            "min": 9988.0,
            "max": 89969.0,
            "count": 9
        },
        "MazeBall.Policy.ExtrinsicValueEstimate.mean": {
            "value": -0.46772196888923645,
            "min": -1.9237658977508545,
            "max": -0.46772196888923645,
            "count": 9
        },
        "MazeBall.Policy.ExtrinsicValueEstimate.sum": {
            "value": -97.75389099121094,
            "min": -1113.8604736328125,
            "max": -97.75389099121094,
            "count": 9
        },
        "MazeBall.Environment.CumulativeReward.mean": {
            "value": -1.0145965224445457,
            "min": -2.047589751882124,
            "max": -1.0145965224445457,
            "count": 9
        },
        "MazeBall.Environment.CumulativeReward.sum": {
            "value": -102.47424876689911,
            "min": -1183.5068765878677,
            "max": -102.47424876689911,
            "count": 9
        },
        "MazeBall.Policy.ExtrinsicReward.mean": {
            "value": -1.0145965224445457,
            "min": -2.047589751882124,
            "max": -1.0145965224445457,
            "count": 9
        },
        "MazeBall.Policy.ExtrinsicReward.sum": {
            "value": -102.47424876689911,
            "min": -1183.5068765878677,
            "max": -102.47424876689911,
            "count": 9
        },
        "MazeBall.Losses.PolicyLoss.mean": {
            "value": 0.2420266398544067,
            "min": 0.24010820152275028,
            "max": 0.2486796241969346,
            "count": 9
        },
        "MazeBall.Losses.PolicyLoss.sum": {
            "value": 18.151997989080503,
            "min": 18.093428978521818,
            "max": 21.129521734002026,
            "count": 9
        },
        "MazeBall.Losses.ValueLoss.mean": {
            "value": 0.04944232656788725,
            "min": 0.006428586639059774,
            "max": 0.05195356828141476,
            "count": 9
        },
        "MazeBall.Losses.ValueLoss.sum": {
            "value": 3.708174492591544,
            "min": 0.5528584509591405,
            "max": 4.208239030794595,
            "count": 9
        },
        "MazeBall.Policy.LearningRate.mean": {
            "value": 0.0002897949330016901,
            "min": 0.0002897949330016901,
            "max": 0.00029939149656647087,
            "count": 9
        },
        "MazeBall.Policy.LearningRate.sum": {
            "value": 0.021734619975126754,
            "min": 0.021734619975126754,
            "max": 0.026346451697849438,
            "count": 9
        },
        "MazeBall.Policy.Epsilon.mean": {
            "value": 0.1965983098666667,
            "min": 0.1965983098666667,
            "max": 0.19979716545454548,
            "count": 9
        },
        "MazeBall.Policy.Epsilon.sum": {
            "value": 14.744873240000002,
            "min": 14.744873240000002,
            "max": 17.582150560000002,
            "count": 9
        },
        "MazeBall.Policy.Beta.mean": {
            "value": 0.00048333171834666675,
            "min": 0.00048333171834666675,
            "max": 0.0004990061107272727,
            "count": 9
        },
        "MazeBall.Policy.Beta.sum": {
            "value": 0.03624987887600001,
            "min": 0.03624987887600001,
            "max": 0.043912537744,
            "count": 9
        },
        "MazeBall.IsTraining.mean": {
            "value": 1.0,
            "min": 1.0,
            "max": 1.0,
            "count": 9
        },
        "MazeBall.IsTraining.sum": {
            "value": 1.0,
            "min": 1.0,
            "max": 1.0,
            "count": 9
        }
    },
    "metadata": {
        "timer_format_version": "0.1.0",
        "start_time_seconds": "1629615101",
        "python_version": "3.7.10 (default, Feb 26 2021, 10:16:00) \n[Clang 10.0.0 ]",
        "command_line_arguments": "/Users/wonmin/opt/anaconda3/envs/ml-agents-1.0.7/bin/mlagents-learn ./MazeBall.yaml --run-id=MazeBall",
        "mlagents_version": "0.26.0",
        "mlagents_envs_version": "0.26.0",
        "communication_protocol_version": "1.5.0",
        "pytorch_version": "1.8.1",
        "numpy_version": "1.20.2",
        "end_time_seconds": "1629615327"
    },
    "total": 226.337709564,
    "count": 1,
    "self": 0.006150471000012203,
    "children": {
        "run_training.setup": {
            "total": 0.06854395499999999,
            "count": 1,
            "self": 0.06854395499999999
        },
        "TrainerController.start_learning": {
            "total": 226.263015138,
            "count": 1,
            "self": 0.2239760610002577,
            "children": {
                "TrainerController._reset_env": {
                    "total": 6.768057343999999,
                    "count": 1,
                    "self": 6.768057343999999
                },
                "TrainerController.advance": {
                    "total": 219.12375674399976,
                    "count": 8349,
                    "self": 0.234001585998044,
                    "children": {
                        "env_step": {
                            "total": 99.14082422700017,
                            "count": 8349,
                            "self": 93.864164216999,
                            "children": {
                                "SubprocessEnvManager._take_step": {
                                    "total": 5.155413884999955,
                                    "count": 8349,
                                    "self": 0.5375057440001925,
                                    "children": {
                                        "TorchPolicy.evaluate": {
                                            "total": 4.617908140999763,
                                            "count": 6671,
                                            "self": 1.0229437439995746,
                                            "children": {
                                                "TorchPolicy.sample_actions": {
                                                    "total": 3.5949643970001883,
                                                    "count": 6671,
                                                    "self": 3.5949643970001883
                                                }
                                            }
                                        }
                                    }
                                },
                                "workers": {
                                    "total": 0.12124612500120513,
                                    "count": 8348,
                                    "self": 0.0,
                                    "children": {
                                        "worker_root": {
                                            "total": 225.84808015900018,
                                            "count": 8348,
                                            "is_parallel": true,
                                            "self": 144.4323658950005,