{
    "name": "root",
    "gauges": {
        "MazeBall.Policy.Entropy.mean": {
            "value": 0.7257399559020996,
            "min": 0.7035752534866333,
            "max": 1.4142544269561768,
            "count": 83
        },
        "MazeBall.Policy.Entropy.sum": {
            "value": 7217.48388671875,
            "min": 6922.3251953125,
            "max": 14722.388671875,
            "count": 83
        },
        "MazeBall.Step.mean": {
            "value": 829974.0,
            "min": 9943.0,
            "max": 829974.0,
            "count": 83
        },
        "MazeBall.Step.sum": {
            "value": 829974.0,
            "min": 9943.0,
            "max": 829974.0,
            "count": 83
        },
        "MazeBall.Policy.ExtrinsicValueEstimate.mean": {
            "value": 0.5749489068984985,
            "min": -0.511604368686676,
            "max": 0.7252953052520752,
            "count": 83
        },
        "MazeBall.Policy.ExtrinsicValueEstimate.sum": {
            "value": 164.43539428710938,
            "min": -162.1785888671875,
            "max": 213.23681640625,
            "count": 83
        },
        "MazeBall.Losses.PolicyLoss.mean": {
            "value": 0.24343460151833596,
            "min": 0.23423388617366508,
            "max": 0.255268620559329,
            "count": 83
        },
        "MazeBall.Losses.PolicyLoss.sum": {
            "value": 18.257595113875198,
            "min": 16.973776356483388,
            "max": 20.110764270448918,
            "count": 83
        },
        "MazeBall.Losses.ValueLoss.mean": {
            "value": 0.0038245399598594476,
            "min": 0.00042069370758931503,
            "max": 0.024128290088455573,
            "count": 83
        },
        "MazeBall.Losses.ValueLoss.sum": {
            "value": 0.28684049698945857,
            "min": 0.03197272177678794,
            "max": 1.7928575951655752,
            "count": 83
        },
        "MazeBall.Policy.LearningRate.mean": {
            "value": 0.00020099342660220216,
            "min": 0.00020099342660220216,
            "max": 0.0002993473153526967,
            "count": 83
        },
        "MazeBall.Policy.LearningRate.sum": {
            "value": 0.015074506995165162,
            "min": 0.0148481609506138,
            "max": 0.024750260209913277,
            "count": 83
        },
        "MazeBall.Policy.Epsilon.mean": {
            "value": 0.1669977978666667,
            "min": 0.1669977978666667,
            "max": 0.1997824383783784,
            "count": 83
        },
        "MazeBall.Policy.Epsilon.sum": {
            "value": 12.52483484,
            "min": 11.998054680000001,
            "max": 16.55008672,
            "count": 83
        },
        "MazeBall.Policy.Beta.mean": {
            "value": 0.0003382892095466667,
            "min": 0.0003382892095466667,
            "max": 0.0004989339480540541,
            "count": 83
        },
        "MazeBall.Policy.Beta.sum": {
            "value": 0.025371690716000005,
            "min": 0.02498199238,
            "max": 0.041255424927999995,
            "count": 83
        },
        "MazeBall.Environment.EpisodeLength.mean": {
            "value": 55.938650306748464,
            "min": 33.222972972972975,
            "max": 213.11864406779662,
            "count": 83
        },
        "MazeBall.Environment.EpisodeLength.sum": {
            "value": 9118.0,
            "min": 6005.0,
            "max": 12574.0,
            "count": 83
        },
        "MazeBall.Environment.CumulativeReward.mean": {
            "value": 0.49430267328833355,
            "min": -0.6551994277318947,
            "max": 0.7148981965795348,
            "count": 83
        },
        "MazeBall.Environment.CumulativeReward.sum": {
            "value": 80.07703307271004,
            "min": -181.92323108017445,
            "max": 114.7165379524231,
            "count": 83
        },
        "MazeBall.Policy.ExtrinsicReward.mean": {
            "value": 0.49430267328833355,
            "min": -0.6551994277318947,
            "max": 0.7148981965795348,
            "count": 83
        },
        "MazeBall.Policy.ExtrinsicReward.sum": {
            "value": 80.07703307271004,
            "min": -181.92323108017445,
            "max": 114.7165379524231,
            "count": 83
        },
        "MazeBall.IsTraining.mean": {
            "value": 1.0,
            "min": 1.0,
            "max": 1.0,
            "count": 83
        },
        "MazeBall.IsTraining.sum": {
            "value": 1.0,
            "min": 1.0,
            "max": 1.0,
            "count": 83
        }
    },
    "metadata": {
        "timer_format_version": "0.1.0",
        "start_time_seconds": "1626174360",
        "python_version": "3.7.10 (default, Feb 26 2021, 10:16:00) \n[Clang 10.0.0 ]",
        "command_line_arguments": "/Users/wonmin/opt/anaconda3/envs/ml-agents-1.0.7/bin/mlagents-learn ./MazeBall.yaml --run-id=MazeBall --force",
        "mlagents_version": "0.26.0",
        "mlagents_envs_version": "0.26.0",
        "communication_protocol_version": "1.5.0",
        "pytorch_version": "1.8.1",
        "numpy_version": "1.20.2",
        "end_time_seconds": "1626175929"
    },
    "total": 1569.61123592,
    "count": 1,
    "self": 0.008493350999970062,
    "children": {
        "run_training.setup": {
            "total": 0.0781877879999997,
            "count": 1,
            "self": 0.0781877879999997
        },
        "TrainerController.start_learning": {
            "total": 1569.524554781,
            "count": 1,
            "self": 1.717741961984757,
            "children": {
                "TrainerController._reset_env": {
                    "total": 4.492886460999999,
                    "count": 1,
                    "self": 4.492886460999999
                },
                "TrainerController.advance": {
                    "total": 1563.2426045540153,
                    "count": 65922,
                    "self": 1.7678942060110785,
                    "children": {
                        "env_step": {
                            "total": 606.7611312769986,
                            "count": 65922,
                            "self": 565.1302908450238,
                            "children": {
                                "SubprocessEnvManager._take_step": {
                                    "total": 40.70051619896102,
                                    "count": 65922,
                                    "self": 4.2017605749385964,
                                    "children": {
                                        "TorchPolicy.evaluate": {
                                            "total": 36.49875562402242,
                                            "count": 55611,
                                            "self": 7.976704290030749,
                                            "children": {
                                                "TorchPolicy.sample_actions": {
                                                    "total": 28.522051333991673,
                                                    "count": 55611,
                                                    "self": 28.522051333991673
                                                }
                                            }
                                        }
                                    }
                                },
                                "workers": {
                                    "total": 0.9303242330138861,
                                    "count": 65922,
                                    "self": 0.0,
                                    "children": {
                                        "worker_root": {
                                            "total": 1567.0168453789895,
                                            "count": 65922,
                                            "is_parallel": true,