{
    "name": "root",
    "gauges": {
        "MazeBall.Policy.Entropy.mean": {
            "value": 0.5172761082649231,
            "min": 0.5172761082649231,
            "max": 0.5172761082649231,
            "count": 1
        },
        "MazeBall.Policy.Entropy.sum": {
            "value": 4189.9365234375,
            "min": 4189.9365234375,
            "max": 4189.9365234375,
            "count": 1
        },
        "MazeBall.Step.mean": {
            "value": 1239997.0,
            "min": 1239997.0,
            "max": 1239997.0,
            "count": 1
        },
        "MazeBall.Step.sum": {
            "value": 1239997.0,
            "min": 1239997.0,
            "max": 1239997.0,
            "count": 1
        },
        "MazeBall.Policy.ExtrinsicValueEstimate.mean": {
            "value": 0.7763004899024963,
            "min": 0.7763004899024963,
            "max": 0.7763004899024963,
            "count": 1
        },
        "MazeBall.Policy.ExtrinsicValueEstimate.sum": {
            "value": 164.57569885253906,
            "min": 164.57569885253906,
            "max": 164.57569885253906,
            "count": 1
        },
        "MazeBall.Losses.PolicyLoss.mean": {
            "value": 0.24109489805563933,
            "min": 0.24109489805563933,
            "max": 0.24109489805563933,
            "count": 1
        },
        "MazeBall.Losses.PolicyLoss.sum": {
            "value": 9.884890820281212,
            "min": 9.884890820281212,
            "max": 9.884890820281212,
            "count": 1
        },
        "MazeBall.Losses.ValueLoss.mean": {
            "value": 0.00140681596928825,
            "min": 0.00140681596928825,
            "max": 0.00140681596928825,
            "count": 1
        },
        "MazeBall.Losses.ValueLoss.sum": {
            "value": 0.057679454740818245,
            "min": 0.057679454740818245,
            "max": 0.057679454740818245,
            "count": 1
        },
        "MazeBall.Policy.LearningRate.mean": {
            "value": 0.00015160956848788392,
            "min": 0.00015160956848788392,
            "max": 0.00015160956848788392,
            "count": 1
        },
        "MazeBall.Policy.LearningRate.sum": {
            "value": 0.00621599230800324,
            "min": 0.00621599230800324,
            "max": 0.00621599230800324,
            "count": 1
        },
        "MazeBall.Policy.Epsilon.mean": {
            "value": 0.1505365063414634,
            "min": 0.1505365063414634,
            "max": 0.1505365063414634,
            "count": 1
        },
        "MazeBall.Policy.Epsilon.sum": {
            "value": 6.17199676,
            "min": 6.17199676,
            "max": 6.17199676,
            "count": 1
        },
        "MazeBall.Policy.Beta.mean": {
            "value": 0.00025762888107317073,
            "min": 0.00025762888107317073,
            "max": 0.00025762888107317073,
            "count": 1
        },
        "MazeBall.Policy.Beta.sum": {
            "value": 0.010562784124,
            "min": 0.010562784124,
            "max": 0.010562784124,
            "count": 1
        },
        "MazeBall.Environment.EpisodeLength.mean": {
            "value": 69.21100917431193,
            "min": 69.21100917431193,
            "max": 69.21100917431193,
            "count": 1
        },
        "MazeBall.Environment.EpisodeLength.sum": {
            "value": 7544.0,
            "min": 7544.0,
            "max": 7544.0,
            "count": 1
        },
        "MazeBall.Environment.CumulativeReward.mean": {
            "value": 0.8785995156676681,
            "min": 0.8785995156676681,
            "max": 0.8785995156676681,
            "count": 1
        },
        "MazeBall.Environment.CumulativeReward.sum": {
            "value": 94.88874769210815,
            "min": 94.88874769210815,
            "max": 94.88874769210815,
            "count": 1
        },
        "MazeBall.Policy.ExtrinsicReward.mean": {
            "value": 0.8785995156676681,
            "min": 0.8785995156676681,
            "max": 0.8785995156676681,
            "count": 1
        },
        "MazeBall.Policy.ExtrinsicReward.sum": {
            "value": 94.88874769210815,
            "min": 94.88874769210815,
            "max": 94.88874769210815,
            "count": 1
        },
        "MazeBall.IsTraining.mean": {
            "value": 1.0,
            "min": 1.0,
            "max": 1.0,
            "count": 1
        },
        "MazeBall.IsTraining.sum": {
            "value": 1.0,
            "min": 1.0,
            "max": 1.0,
            "count": 1
        }
    },
    "metadata": {
        "timer_format_version": "0.1.0",
        "start_time_seconds": "1629615369",
        "python_version": "3.7.10 (default, Feb 26 2021, 10:16:00) \n[Clang 10.0.0 ]",
        "command_line_arguments": "/Users/wonmin/opt/anaconda3/envs/ml-agents-1.0.7/bin/mlagents-learn ./MazeBall.yaml --run-id=MazeBall_02 --resume",
        "mlagents_version": "0.26.0",
        "mlagents_envs_version": "0.26.0",
        "communication_protocol_version": "1.5.0",
        "pytorch_version": "1.8.1",
        "numpy_version": "1.20.2",
        "end_time_seconds": "1629615418"
    },
    "total": 48.53594299700001,
    "count": 1,
    "self": 0.00615092800000383,
    "children": {
        "run_training.setup": {
            "total": 0.12850550199999988,
            "count": 1,
            "self": 0.12850550199999988
        },
        "TrainerController.start_learning": {
            "total": 48.401286567,
            "count": 1,
            "self": 0.038803617999967344,
            "children": {
                "TrainerController._reset_env": {
                    "total": 11.289496034999999,
                    "count": 1,
                    "self": 11.289496034999999
                },
                "TrainerController.advance": {
                    "total": 36.937629505000025,
                    "count": 1345,
                    "self": 0.03947555199999897,
                    "children": {
                        "env_step": {
                            "total": 16.470318264,
                            "count": 1345,
                            "self": 15.479672291999886,
                            "children": {
                                "SubprocessEnvManager._take_step": {
                                    "total": 0.9703471399999941,
                                    "count": 1345,
                                    "self": 0.09940721400004016,
                                    "children": {
                                        "TorchPolicy.evaluate": {
                                            "total": 0.870939925999954,
                                            "count": 1144,
                                            "self": 0.1945447170000989,
                                            "children": {
                                                "TorchPolicy.sample_actions": {
                                                    "total": 0.6763952089998551,
                                                    "count": 1144,
                                                    "self": 0.6763952089998551
                                                }
                                            }
                                        }
                                    }
                                },
                                "workers": {
                                    "total": 0.02029883200011895,
                                    "count": 1344,
                                    "self": 0.0,
                                    "children": {
                                        "worker_root": {
                                            "total": 48.30163377199993,
                                            "count": 1344,
                                            "is_parallel": true,
                                            "self": 35.05384376300002,