{
    "name": "root",
    "metadata": {
        "timer_format_version": "0.1.0",
        "start_time_seconds": "1615355734",
        "python_version": "3.7.10 (default, Feb 26 2021, 10:16:00) \n[Clang 10.0.0 ]",
        "command_line_arguments": "/Users/wonmin/opt/anaconda3/envs/ml-agents-1.0.7/bin/mlagents-learn Basic-Path-Finding/Assets/Config/MazeBall.yaml --run-id=MazeBall --force",
        "mlagents_version": "0.26.0",
        "mlagents_envs_version": "0.26.0",
        "communication_protocol_version": "1.5.0",
        "pytorch_version": "1.8.1",
        "numpy_version": "1.20.2",
        "end_time_seconds": "1615355759"
    },
    "total": 25.275054482,
    "count": 1,
    "self": 0.008779536000002253,
    "children": {
        "run_training.setup": {
            "total": 0.08973576799999994,
            "count": 1,
            "self": 0.08973576799999994
        },
        "TrainerController.start_learning": {
            "total": 25.176539178,
            "count": 1,
            "self": 0.009977876999958113,
            "children": {
                "TrainerController._reset_env": {
                    "total": 16.256204627,
                    "count": 1,
                    "self": 16.256204627
                },
                "TrainerController.advance": {
                    "total": 8.772068619000041,
                    "count": 407,
                    "self": 0.010460678000026036,
                    "children": {
                        "env_step": {
                            "total": 4.386294546000009,
                            "count": 407,
                            "self": 4.084800546000036,
                            "children": {
                                "SubprocessEnvManager._take_step": {
                                    "total": 0.29574660699998034,
                                    "count": 407,
                                    "self": 0.023000562999964558,
                                    "children": {
                                        "TorchPolicy.evaluate": {
                                            "total": 0.2727460440000158,
                                            "count": 317,
                                            "self": 0.049707117000043155,
                                            "children": {
                                                "TorchPolicy.sample_actions": {
                                                    "total": 0.22303892699997263,
                                                    "count": 317,
                                                    "self": 0.22303892699997263
                                                }
                                            }
                                        }
                                    }
                                },
                                "workers": {
                                    "total": 0.00574739299999294,
                                    "count": 406,
                                    "self": 0.0,
                                    "children": {
                                        "worker_root": {
                                            "total": 25.090456797999977,
                                            "count": 406,
                                            "is_parallel": true,
                                            "self": 21.628081601000037,
                                            "children": {
                                                "run_training.setup": {
                                                    "total": 0.0,
                                                    "count": 0,
                                                    "is_parallel": true,
                                                    "self": 0.0,
                                                    "children": {
                                                        "steps_from_proto": {
                                                            "total": 0.004068517000000327,
                                                            "count": 1,
                                                            "is_parallel": true,
                                                            "self": 0.0008029200000017056,
                                                            "children": {
                                                                "_process_rank_one_or_two_observation": {
                                                                    "total": 0.003265596999998621,
                                                                    "count": 2,
                                                                    "is_parallel": true,
                                                                    "self": 0.003265596999998621
                                                                }
                                                            }
                                                        },
                                                        "UnityEnvironment.step": {
                                                            "total": 0.057514108999999536,
                                                            "count": 1,
                                                            "is_parallel": true,
                                                            "self": 0.00016122499999937645,
                                                            "children": {
                                                                "UnityEnvironment._generate_step_input": {
                                                                    "total": 0.0004671350000009511,
                                                                    "count": 1,
                                                                    "is_parallel": true,
                                                                    "self": 0.0004671350000009511
                                                                },
                                                                "communicator.exchange": {
                                                                    "total": 0.05653385100000108,
                                                                    "count": 1,
                                                                    "is_parallel": true,
                                                                    "self": 0.05653385100000108
                                                                },
                                                                "steps_from_proto": {
                                                                    "total": 0.00035189799999812976,
                                                                    "count": 1,
                                                                    "is_parallel": true,
                                                                    "self": 0.00015905599999754827,
                                                                    "children": {
                                                                        "_process_rank_one_or_two_observation": {
                                                                            "total": 0.0001928420000005815,
                                                                            "count": 2,
                                                                            "is_parallel": true,