{
    "name": "root",
    "gauges": {
        "MazeBall.Policy.Entropy.mean": {
            "value": 1.022939920425415,
            "min": 1.022939920425415,
            "max": 1.411427617073059,
            "count": 50
        },
        "MazeBall.Policy.Entropy.sum": {
            "value": 10360.3359375,
            "min": 10017.7890625,
            "max": 14379.625,
            "count": 50
        },
        "MazeBall.Environment.EpisodeLength.mean": {
            "value": 65.625,
            "min": 13.05225988700565,
            "max": 66.70068027210884,
            "count": 50
        },
        "MazeBall.Environment.EpisodeLength.sum": {
            "value": 9975.0,
            "min": 9241.0,
            "max": 10003.0,
            "count": 50
        },
        "MazeBall.Step.mean": {
            "value": 499945.0,
            "min": 9993.0,
            "max": 499945.0,
            "count": 50
        },
        "MazeBall.Step.sum": {
            "value": 499945.0,
            "min": 9993.0,
            "max": 499945.0,
            "count": 50
        },
        "MazeBall.Policy.ExtrinsicValueEstimate.mean": {
            "value": 0.8188855051994324,
            "min": -0.9310512542724609,
            "max": 0.8390501737594604,
            "count": 50
        },
        "MazeBall.Policy.ExtrinsicValueEstimate.sum": {
            "value": 242.39010620117188,
            "min": -666.6326904296875,
            "max": 246.8045654296875,
            "count": 50
        },
        "MazeBall.Environment.CumulativeReward.mean": {
            "value": 0.9210526315789473,
            "min": -1.0,
            "max": 0.9727891156462585,
            "count": 50
        },
        "MazeBall.Environment.CumulativeReward.sum": {
            "value": 140.0,
            "min": -707.0,
            "max": 143.0,
            "count": 50
        },
        "MazeBall.Policy.ExtrinsicReward.mean": {
            "value": 0.9210526315789473,
            "min": -1.0,
            "max": 0.9727891156462585,
            "count": 50
        },
        "MazeBall.Policy.ExtrinsicReward.sum": {
            "value": 140.0,
            "min": -707.0,
            "max": 143.0,
            "count": 50
        },
        "MazeBall.Losses.PolicyLoss.mean": {
            "value": 0.24275326816829698,
            "min": 0.2346891010707506,
            "max": 0.25287547680115663,
            "count": 50
        },
        "MazeBall.Losses.PolicyLoss.sum": {
            "value": 17.963741844453978,
            "min": 16.755892201801114,
            "max": 21.133521290758452,
            "count": 50
        },
        "MazeBall.Losses.ValueLoss.mean": {
            "value": 0.007058269848697522,
            "min": 0.0031605446636758724,
            "max": 0.05750583522233179,
            "count": 50
        },
        "MazeBall.Losses.ValueLoss.sum": {
            "value": 0.5223119688036166,
            "min": 0.22755921578466282,
            "max": 4.600466817786543,
            "count": 50
        },
        "MazeBall.Policy.LearningRate.mean": {
            "value": 2.9911638678432414e-06,
            "min": 2.9911638678432414e-06,
            "max": 0.0002968615237734318,
            "count": 50
        },
        "MazeBall.Policy.LearningRate.sum": {
            "value": 0.00022134612622039986,
            "min": 0.00022134612622039986,
            "max": 0.026123814092062,
            "count": 50
        },
        "MazeBall.Policy.Epsilon.mean": {
            "value": 0.10099702162162161,
            "min": 0.10099702162162161,
            "max": 0.19895384090909093,
            "count": 50
        },
        "MazeBall.Policy.Epsilon.sum": {
            "value": 7.473779599999999,
            "min": 7.415619600000001,
            "max": 17.507938000000003,
            "count": 50
        },
        "MazeBall.Policy.Beta.mean": {
            "value": 1.4885405945945947e-05,
            "min": 1.4885405945945947e-05,
            "max": 0.0004948738204545454,
            "count": 50
        },
        "MazeBall.Policy.Beta.sum": {
            "value": 0.00110152004,
            "min": 0.00110152004,
            "max": 0.04354889619999999,
            "count": 50
        },
        "MazeBall.IsTraining.mean": {
            "value": 1.0,
            "min": 1.0,
            "max": 1.0,
            "count": 50
        },
        "MazeBall.IsTraining.sum": {
            "value": 1.0,
            "min": 1.0,
            "max": 1.0,
            "count": 50
        }
    },
    "metadata": {
        "timer_format_version": "0.1.0",
        "start_time_seconds": "1615442265",
        "python_version": "3.7.10 (default, Feb 26 2021, 10:16:00) \n[Clang 10.0.0 ]",
        "command_line_arguments": "/Users/wonmin/opt/anaconda3/envs/ml-agents-1.0.7/bin/mlagents-learn Basic-Path-Finding/Assets/Config/MazeBall.yaml --run-id=MazeBall --force",
        "mlagents_version": "0.26.0",
        "mlagents_envs_version": "0.26.0",
        "communication_protocol_version": "1.5.0",
        "pytorch_version": "1.8.1",
        "numpy_version": "1.20.2",
        "end_time_seconds": "1615443205"
    },
    "total": 940.796781725,
    "count": 1,
    "self": 0.016120942999918952,
    "children": {
        "run_training.setup": {
            "total": 0.08248668699999984,
            "count": 1,
            "self": 0.08248668699999984
        },
        "TrainerController.start_learning": {
            "total": 940.698174095,
            "count": 1,
            "self": 1.2066992979921451,
            "children": {
                "TrainerController._reset_env": {
                    "total": 5.301705647,
                    "count": 1,
                    "self": 5.301705647
                },
                "TrainerController.advance": {
                    "total": 934.1479552500078,
                    "count": 49060,
                    "self": 1.2859873820069652,
                    "children": {
                        "env_step": {
                            "total": 403.577880330999,
                            "count": 49060,
                            "self": 373.1347242850068,
                            "children": {
                                "SubprocessEnvManager._take_step": {
                                    "total": 29.776303430992172,
                                    "count": 49060,
                                    "self": 2.981305897994474,
                                    "children": {
                                        "TorchPolicy.evaluate": {
                                            "total": 26.794997532997698,
                                            "count": 41701,
                                            "self": 5.884964924008635,
                                            "children": {
                                                "TorchPolicy.sample_actions": {
                                                    "total": 20.910032608989063,
                                                    "count": 41701,
                                                    "self": 20.910032608989063
                                                }
                                            }
                                        }
                                    }
                                },
                                "workers": {
                                    "total": 0.6668526150000185,
                                    "count": 49060,
                                    "self": 0.0,
                                    "children": {
                                        "worker_root": {
                                            "total": 938.7200067249967,
                                            "count": 49060,
                                            "is_parallel": true,
                                            "self": 631.8490890519995,