{
    "name": "root",
    "gauges": {
        "MazeBall.Policy.Entropy.mean": {
            "value": 0.38314568996429443,
            "min": 0.38314568996429443,
            "max": 0.5836431384086609,
            "count": 72
        },
        "MazeBall.Policy.Entropy.sum": {
            "value": 3850.6142578125,
            "min": 3835.01220703125,
            "max": 5990.35107421875,
            "count": 72
        },
        "MazeBall.Environment.EpisodeLength.mean": {
            "value": 59.951219512195124,
            "min": 53.09289617486339,
            "max": 85.65868263473054,
            "count": 72
        },
        "MazeBall.Environment.EpisodeLength.sum": {
            "value": 9832.0,
            "min": 8420.0,
            "max": 14305.0,
            "count": 72
        },
        "MazeBall.Step.mean": {
            "value": 2219964.0,
            "min": 1509980.0,
            "max": 2219964.0,
            "count": 72
        },
        "MazeBall.Step.sum": {
            "value": 2219964.0,
            "min": 1509980.0,
            "max": 2219964.0,
            "count": 72
        },
        "MazeBall.Policy.ExtrinsicValueEstimate.mean": {
            "value": 0.5840734243392944,
            "min": 0.41220152378082275,
            "max": 0.7264122366905212,
            "count": 72
        },
        "MazeBall.Policy.ExtrinsicValueEstimate.sum": {
            "value": 169.38128662109375,
            "min": 116.24082946777344,
            "max": 207.75390625,
            "count": 72
        },
        "MazeBall.Environment.CumulativeReward.mean": {
            "value": 0.5121951219512195,
            "min": 0.2261904761904762,
            "max": 0.75,
            "count": 72
        },
        "MazeBall.Environment.CumulativeReward.sum": {
            "value": 84.0,
            "min": 38.0,
            "max": 114.0,
            "count": 72
        },
        "MazeBall.Policy.ExtrinsicReward.mean": {
            "value": 0.5121951219512195,
            "min": 0.2261904761904762,
            "max": 0.75,
            "count": 72
        },
        "MazeBall.Policy.ExtrinsicReward.sum": {
            "value": 84.0,
            "min": 38.0,
            "max": 114.0,
            "count": 72
        },
        "MazeBall.Losses.PolicyLoss.mean": {
            "value": 0.24748882398160538,
            "min": 0.23660327511179519,
            "max": 0.25073845948639445,
            "count": 72
        },
        "MazeBall.Losses.PolicyLoss.sum": {
            "value": 18.561661798620403,
            "min": 16.983631187676732,
            "max": 19.179959076057344,
            "count": 72
        },
        "MazeBall.Losses.ValueLoss.mean": {
            "value": 0.006866126730364401,
            "min": 0.0009230667179410939,
            "max": 0.026582766784210256,
            "count": 72
        },
        "MazeBall.Losses.ValueLoss.sum": {
            "value": 0.5149595047773301,
            "min": 0.06646080369175876,
            "max": 1.967124742031559,
            "count": 72
        },
        "MazeBall.Policy.LearningRate.mean": {
            "value": 3.4199560600176004e-05,
            "min": 3.4199560600176004e-05,
            "max": 0.0001193608535464022,
            "count": 72
        },
        "MazeBall.Policy.LearningRate.sum": {
            "value": 0.0025649670450132002,
            "min": 0.0025649670450132002,
            "max": 0.008776298774568599,
            "count": 72
        },
        "MazeBall.Policy.Epsilon.mean": {
            "value": 0.11139982400000001,
            "min": 0.11139982400000001,
            "max": 0.13978693111111112,
            "count": 72
        },
        "MazeBall.Policy.Epsilon.sum": {
            "value": 8.3549868,
            "min": 8.017971240000001,
            "max": 10.4254314,
            "count": 72
        },
        "MazeBall.Policy.Beta.mean": {
            "value": 6.58591376e-05,
            "min": 6.58591376e-05,
            "max": 0.00020495596244444445,
            "count": 72
        },
        "MazeBall.Policy.Beta.sum": {
            "value": 0.00493943532,
            "min": 0.00493943532,
            "max": 0.01508461386,
            "count": 72
        },
        "MazeBall.IsTraining.mean": {
            "value": 1.0,
            "min": 1.0,
            "max": 1.0,
            "count": 72
        },
        "MazeBall.IsTraining.sum": {
            "value": 1.0,
            "min": 1.0,
            "max": 1.0,
            "count": 72
        }
    },
    "metadata": {
        "timer_format_version": "0.1.0",
        "start_time_seconds": "1615648205",
        "python_version": "3.7.10 (default, Feb 26 2021, 10:16:00) \n[Clang 10.0.0 ]",
        "command_line_arguments": "/Users/wonmin/opt/anaconda3/envs/ml-agents-1.0.7/bin/mlagents-learn Basic-Path-Finding/Assets/Config/MazeBall.yaml --run-id=MazeBall --resume",
        "mlagents_version": "0.26.0",
        "mlagents_envs_version": "0.26.0",
        "communication_protocol_version": "1.5.0",
        "pytorch_version": "1.8.1",
        "numpy_version": "1.20.2",
        "end_time_seconds": "1615649544"
    },
    "total": 1338.6159744220001,
    "count": 1,
    "self": 0.006820457000003444,
    "children": {
        "run_training.setup": {
            "total": 0.079836244,
            "count": 1,
            "self": 0.079836244
        },
        "TrainerController.start_learning": {
            "total": 1338.529317721,
            "count": 1,
            "self": 1.4560396070062325,
            "children": {
                "TrainerController._reset_env": {
                    "total": 4.040293849999999,
                    "count": 1,
                    "self": 4.040293849999999
                },
                "TrainerController.advance": {
                    "total": 1332.9645147529939,
                    "count": 57440,
                    "self": 1.4961868609866542,
                    "children": {
                        "env_step": {
                            "total": 509.4957026610051,
                            "count": 57440,
                            "self": 473.90149076401724,
                            "children": {
                                "SubprocessEnvManager._take_step": {
                                    "total": 34.78724752300138,
                                    "count": 57440,
                                    "self": 3.5634268420041195,
                                    "children": {
                                        "TorchPolicy.evaluate": {
                                            "total": 31.223820680997264,
                                            "count": 48044,
                                            "self": 6.867288950025959,
                                            "children": {
                                                "TorchPolicy.sample_actions": {
                                                    "total": 24.356531730971305,
                                                    "count": 48044,
                                                    "self": 24.356531730971305
                                                }
                                            }
                                        }
                                    }
                                },
                                "workers": {
                                    "total": 0.8069643739864931,
                                    "count": 57439,
                                    "self": 0.0,
                                    "children": {
                                        "worker_root": {
                                            "total": 1333.8307781289925,
                                            "count": 57439,
                                            "is_parallel": true,
                                            "self": 948.7980498389916,