{
    "name": "root",
    "gauges": {
        "MazeBall.Policy.Entropy.mean": {
            "value": 0.8647401928901672,
            "min": 0.8603837490081787,
            "max": 1.3905320167541504,
            "count": 42
        },
        "MazeBall.Policy.Entropy.sum": {
            "value": 8618.0009765625,
            "min": 8577.296875,
            "max": 13966.50390625,
            "count": 42
        },
        "MazeBall.Environment.EpisodeLength.mean": {
            "value": 58.437869822485204,
            "min": 8.30232558139535,
            "max": 63.38961038961039,
            "count": 42
        },
        "MazeBall.Environment.EpisodeLength.sum": {
            "value": 9876.0,
            "min": 8925.0,
            "max": 9991.0,
            "count": 42
        },
        "MazeBall.Step.mean": {
            "value": 419973.0,
            "min": 9988.0,
            "max": 419973.0,
            "count": 42
        },
        "MazeBall.Step.sum": {
            "value": 419973.0,
            "min": 9988.0,
            "max": 419973.0,
            "count": 42
        },
        "MazeBall.Policy.ExtrinsicValueEstimate.mean": {
            "value": 0.3551535904407501,
            "min": -0.9645248055458069,
            "max": 0.672337532043457,
            "count": 42
        },
        "MazeBall.Policy.ExtrinsicValueEstimate.sum": {
            "value": 104.06000518798828,
            "min": -1035.899658203125,
            "max": 199.0119171142578,
            "count": 42
        },
        "MazeBall.Environment.CumulativeReward.mean": {
            "value": 0.32142857142857145,
            "min": -1.0,
            "max": 0.639751552795031,
            "count": 42
        },
        "MazeBall.Environment.CumulativeReward.sum": {
            "value": 54.0,
            "min": -1074.0,
            "max": 103.0,
            "count": 42
        },
        "MazeBall.Policy.ExtrinsicReward.mean": {
            "value": 0.32142857142857145,
            "min": -1.0,
            "max": 0.639751552795031,
            "count": 42
        },
        "MazeBall.Policy.ExtrinsicReward.sum": {
            "value": 54.0,
            "min": -1074.0,
            "max": 103.0,
            "count": 42
        },
        "MazeBall.Losses.PolicyLoss.mean": {
            "value": 0.24440540800854943,
            "min": 0.2371367281286446,
            "max": 0.24963269897272078,
            "count": 42
        },
        "MazeBall.Losses.PolicyLoss.sum": {
            "value": 18.574811008649757,
            "min": 17.651722845457364,
            "max": 22.264565729234526,
            "count": 42
        },
        "MazeBall.Losses.ValueLoss.mean": {
            "value": 0.03152492628129458,
            "min": 0.0047401448599009716,
            "max": 0.06447223564755979,
            "count": 42
        },
        "MazeBall.Losses.ValueLoss.sum": {
            "value": 2.395894397378388,
            "min": 0.44083347197079037,
            "max": 5.222251087452343,
            "count": 42
        },
        "MazeBall.Policy.LearningRate.mean": {
            "value": 5.1009682996800005e-05,
            "min": 5.1009682996800005e-05,
            "max": 0.0002970116203509656,
            "count": 42
        },
        "MazeBall.Policy.LearningRate.sum": {
            "value": 0.0038767359077568004,
            "min": 0.0038767359077568004,
            "max": 0.0276220806926398,
            "count": 42
        },
        "MazeBall.Policy.Epsilon.mean": {
            "value": 0.11700320000000002,
            "min": 0.11700320000000002,
            "max": 0.19900387311827958,
            "count": 42
        },
        "MazeBall.Policy.Epsilon.sum": {
            "value": 8.892243200000001,
            "min": 8.892243200000001,
            "max": 18.5073602,
            "count": 42
        },
        "MazeBall.Policy.Beta.mean": {
            "value": 9.331568e-05,
            "min": 9.331568e-05,
            "max": 0.0004951189782795699,
            "count": 42
        },
        "MazeBall.Policy.Beta.sum": {
            "value": 0.0070919916800000005,
            "min": 0.0070919916800000005,
            "max": 0.04604606498,
            "count": 42
        },
        "MazeBall.IsTraining.mean": {
            "value": 1.0,
            "min": 1.0,
            "max": 1.0,
            "count": 42
        },
        "MazeBall.IsTraining.sum": {
            "value": 1.0,
            "min": 1.0,
            "max": 1.0,
            "count": 42
        }
    },
    "metadata": {
        "timer_format_version": "0.1.0",
        "start_time_seconds": "1615267734",
        "python_version": "3.7.10 (default, Feb 26 2021, 10:16:00) \n[Clang 10.0.0 ]",
        "command_line_arguments": "/Users/wonmin/opt/anaconda3/envs/ml-agents-1.0.7/bin/mlagents-learn Basic-Path-Finding/Assets/Config/MazeBall.yaml --run-id=MazeBall --force",
        "mlagents_version": "0.26.0",
        "mlagents_envs_version": "0.26.0",
        "communication_protocol_version": "1.5.0",
        "pytorch_version": "1.8.1",
        "numpy_version": "1.20.2",
        "end_time_seconds": "1615268872"
    },
    "total": 1138.1044538019999,
    "count": 1,
    "self": 0.005797339999617179,
    "children": {
        "run_training.setup": {
            "total": 0.09331482500000021,
            "count": 1,
            "self": 0.09331482500000021
        },
        "TrainerController.start_learning": {
            "total": 1138.0053416370001,
            "count": 1,
            "self": 1.847934214986708,
            "children": {
                "TrainerController._reset_env": {
                    "total": 6.2313687909999995,
                    "count": 1,
                    "self": 6.2313687909999995
                },
                "TrainerController.advance": {
                    "total": 1129.7751490020132,
                    "count": 79261,
                    "self": 1.9594173520251843,
                    "children": {
                        "env_step": {
                            "total": 665.7889343720067,
                            "count": 79261,
                            "self": 615.6827198760101,
                            "children": {
                                "SubprocessEnvManager._take_step": {
                                    "total": 48.99190077399532,
                                    "count": 79261,
                                    "self": 4.668568415998507,
                                    "children": {
                                        "TorchPolicy.evaluate": {
                                            "total": 44.32333235799681,
                                            "count": 70471,
                                            "self": 9.669095477015901,
                                            "children": {
                                                "TorchPolicy.sample_actions": {
                                                    "total": 34.65423688098091,
                                                    "count": 70471,
                                                    "self": 34.65423688098091
                                                }
                                            }
                                        }
                                    }
                                },
                                "workers": {
                                    "total": 1.1143137220012918,
                                    "count": 79260,
                                    "self": 0.0,
                                    "children": {
                                        "worker_root": {
                                            "total": 1133.4078725539925,
                                            "count": 79260,
                                            "is_parallel": true,
                                            "self": 610.7652288139896,