{
    "name": "root",
    "metadata": {
        "timer_format_version": "0.1.0",
        "start_time_seconds": "1620184492",
        "python_version": "3.7.10 (default, Feb 26 2021, 10:16:00) \n[Clang 10.0.0 ]",
        "command_line_arguments": "/Users/wonmin/opt/anaconda3/envs/ml-agents-1.0.7/bin/mlagents-learn Basic-Path-Finding/Assets/Config/MazeBall.yaml --run-id=MazeBall --force",
        "mlagents_version": "0.26.0",
        "mlagents_envs_version": "0.26.0",
        "communication_protocol_version": "1.5.0",
        "pytorch_version": "1.8.1",
        "numpy_version": "1.20.2",
        "end_time_seconds": "1620184582"
    },
    "total": 89.920046724,
    "count": 1,
    "self": 0.019290373000004024,
    "children": {
        "run_training.setup": {
            "total": 0.08039343499999996,
            "count": 1,
            "self": 0.08039343499999996
        },
        "TrainerController.start_learning": {
            "total": 89.820362916,
            "count": 1,
            "self": 0.0015269140000100379,
            "children": {
                "TrainerController._reset_env": {
                    "total": 64.485485345,
                    "count": 1,
                    "self": 64.485485345
                },
                "TrainerController.advance": {
                    "total": 25.333319921999987,
                    "count": 2,
                    "self": 5.8729999977913394e-05,
                    "children": {
                        "env_step": {
                            "total": 25.33326119200001,
                            "count": 2,
                            "self": 25.333208073999998,
                            "children": {
                                "SubprocessEnvManager._take_step": {
                                    "total": 8.185000012872479e-06,
                                    "count": 2,
                                    "self": 8.185000012872479e-06
                                },
                                "workers": {
                                    "total": 4.493299999808187e-05,
                                    "count": 1,
                                    "self": 0.0,
                                    "children": {
                                        "worker_root": {
                                            "total": 64.598987656,
                                            "count": 1,
                                            "is_parallel": true,
                                            "self": 64.598987656,
                                            "children": {
                                                "run_training.setup": {
                                                    "total": 0.0,
                                                    "count": 0,
                                                    "is_parallel": true,
                                                    "self": 0.0,
                                                    "children": {
                                                        "UnityEnvironment.step": {
                                                            "total": 0.03181195600001274,
                                                            "count": 1,
                                                            "is_parallel": true,
                                                            "self": 0.00012814100001889983,
                                                            "children": {
                                                                "UnityEnvironment._generate_step_input": {
                                                                    "total": 7.911899999157868e-05,
                                                                    "count": 1,
                                                                    "is_parallel": true,
                                                                    "self": 7.911899999157868e-05
                                                                },
                                                                "communicator.exchange": {
                                                                    "total": 0.031604696000002264,
                                                                    "count": 1,
                                                                    "is_parallel": true,
                                                                    "self": 0.031604696000002264
                                                                }
                                                            }
                                                        }
                                                    }
                                                }
                                            }
                                        }
                                    }
                                }
                            }
                        }
                    }
                },
                "trainer_threads": {
                    "total": 1.2719999915589142e-06,
                    "count": 1,
                    "self": 1.2719999915589142e-06
                },
                "TrainerController._save_models": {
                    "total": 2.946300000417068e-05,
                    "count": 1,
                    "self": 2.946300000417068e-05
                }
            }
        }
    }
}