{
    "name": "root",
    "gauges": {
        "MazeBall.Policy.Entropy.mean": {
            "value": 1.1256740093231201,
            "min": 1.1256740093231201,
            "max": 1.4275015592575073,
            "count": 40
        },
        "MazeBall.Policy.Entropy.sum": {
            "value": 11407.580078125,
            "min": 11196.6259765625,
            "max": 14697.556640625,
            "count": 40
        },
        "MazeBall.Step.mean": {
            "value": 399990.0,
            "min": 9992.0,
            "max": 399990.0,
            "count": 40
        },
        "MazeBall.Step.sum": {
            "value": 399990.0,
            "min": 9992.0,
            "max": 399990.0,
            "count": 40
        },
        "MazeBall.Policy.ExtrinsicValueEstimate.mean": {
            "value": 8.152752707246691e-05,
            "min": -0.15822552144527435,
            "max": 0.1134558692574501,
            "count": 40
        },
        "MazeBall.Policy.ExtrinsicValueEstimate.sum": {
            "value": 0.02674102783203125,
            "min": -51.581520080566406,
            "max": 36.8731575012207,
            "count": 40
        },
        "MazeBall.Losses.PolicyLoss.mean": {
            "value": 0.24573926333752752,
            "min": 0.23554915537625842,
            "max": 0.25209052769092305,
            "count": 40
        },
        "MazeBall.Losses.PolicyLoss.sum": {
            "value": 20.150619593677256,
            "min": 16.818655239537687,
            "max": 21.809463887119815,
            "count": 40
        },
        "MazeBall.Losses.ValueLoss.mean": {
            "value": 0.007165105229664124,
            "min": 8.36618612486457e-05,
            "max": 0.015435918203302068,
            "count": 40
        },
        "MazeBall.Losses.ValueLoss.sum": {
            "value": 0.5875386288324582,
            "min": 0.00719492006738353,
            "max": 1.2657452926707695,
            "count": 40
        },
        "MazeBall.Policy.LearningRate.mean": {
            "value": 6.301277411771951e-05,
            "min": 6.301277411771951e-05,
            "max": 0.000296486773002062,
            "count": 40
        },
        "MazeBall.Policy.LearningRate.sum": {
            "value": 0.005167047477653,
            "min": 0.005167047477653,
            "max": 0.025649915250028396,
            "count": 40
        },
        "MazeBall.Policy.Epsilon.mean": {
            "value": 0.12100423170731707,
            "min": 0.12100423170731707,
            "max": 0.19882892394366197,
            "count": 40
        },
        "MazeBall.Policy.Epsilon.sum": {
            "value": 9.922347,
            "min": 9.922347,
            "max": 17.5499716,
            "count": 40
        },
        "MazeBall.Policy.Beta.mean": {
            "value": 0.00011292073536585367,
            "min": 0.00011292073536585367,
            "max": 0.0004942617273239435,
            "count": 40
        },
        "MazeBall.Policy.Beta.sum": {
            "value": 0.009259500300000001,
            "min": 0.009259500300000001,
            "max": 0.04279486084,
            "count": 40
        },
        "MazeBall.Environment.EpisodeLength.mean": {
            "value": 32.48322147651007,
            "min": 16.887096774193548,
            "max": 39.60323886639676,
            "count": 40
        },
        "MazeBall.Environment.EpisodeLength.sum": {
            "value": 9680.0,
            "min": 9423.0,
            "max": 9937.0,
            "count": 40
        },
        "MazeBall.Environment.CumulativeReward.mean": {
            "value": -0.037248323552760504,
            "min": -0.10000000149011612,
            "max": 0.05587044406516349,
            "count": 40
        },
        "MazeBall.Environment.CumulativeReward.sum": {
            "value": -11.10000041872263,
            "min": -55.90000083297491,
            "max": 14.499999649822712,
            "count": 40
        },
        "MazeBall.Policy.ExtrinsicReward.mean": {
            "value": -0.037248323552760504,
            "min": -0.10000000149011612,
            "max": 0.05587044406516349,
            "count": 40
        },
        "MazeBall.Policy.ExtrinsicReward.sum": {
            "value": -11.10000041872263,
            "min": -55.90000083297491,
            "max": 14.499999649822712,
            "count": 40
        },
        "MazeBall.IsTraining.mean": {
            "value": 1.0,
            "min": 1.0,
            "max": 1.0,
            "count": 40
        },
        "MazeBall.IsTraining.sum": {
            "value": 1.0,
            "min": 1.0,
            "max": 1.0,
            "count": 40
        }
    },
    "metadata": {
        "timer_format_version": "0.1.0",
        "start_time_seconds": "1615531231",
        "python_version": "3.7.10 (default, Feb 26 2021, 10:16:00) \n[Clang 10.0.0 ]",
        "command_line_arguments": "/Users/wonmin/opt/anaconda3/envs/ml-agents-1.0.7/bin/mlagents-learn Basic-Path-Finding/Assets/Config/MazeBall.yaml --run-id=MazeBall --force",
        "mlagents_version": "0.26.0",
        "mlagents_envs_version": "0.26.0",
        "communication_protocol_version": "1.5.0",
        "pytorch_version": "1.8.1",
        "numpy_version": "1.20.2",
        "end_time_seconds": "1615532132"
    },
    "total": 901.204384796,
    "count": 1,
    "self": 0.005943086999991465,
    "children": {
        "run_training.setup": {
            "total": 0.073685856,
            "count": 1,
            "self": 0.073685856
        },
        "TrainerController.start_learning": {
            "total": 901.124755853,
            "count": 1,
            "self": 0.817519626996841,
            "children": {
                "TrainerController._reset_env": {
                    "total": 6.015870817,
                    "count": 1,
                    "self": 6.015870817
                },
                "TrainerController.advance": {
                    "total": 894.1450819450031,
                    "count": 33138,
                    "self": 0.8166601229936532,
                    "children": {
                        "env_step": {
                            "total": 447.14045934501536,
                            "count": 33138,
                            "self": 430.67208768702034,
                            "children": {
                                "SubprocessEnvManager._take_step": {
                                    "total": 16.022810785994057,
                                    "count": 33138,
                                    "self": 1.7312976119933783,
                                    "children": {
                                        "TorchPolicy.evaluate": {
                                            "total": 14.291513174000679,
                                            "count": 22538,
                                            "self": 3.12004517499995,
                                            "children": {
                                                "TorchPolicy.sample_actions": {
                                                    "total": 11.171467999000729,
                                                    "count": 22538,
                                                    "self": 11.171467999000729
                                                }
                                            }
                                        }
                                    }
                                },
                                "workers": {
                                    "total": 0.44556087200098116,
                                    "count": 33138,
                                    "self": 0.0,
                                    "children": {
                                        "worker_root": {
                                            "total": 899.9240676930004,
                                            "count": 33138,
                                            "is_parallel": true,